0,1,2,3,4,5,6,7
AAA,AAA,AAA,AAA,AAA,AAA,AAA,AAA
AAA,AAA,AAA,AAA,AAA,AAA,AAA,AAA
AAA,AAC,AAB,AAB,AAA,AAA,AAA,AAB
AAB,ACC,ABB,ABB,AAB,AAA,AAB,ABB
ABB,CCC,BBB,BBB,ABB,AAB,ABB,BBB
BBB,CCC,BBB,BBB,BBB,ABA,BBC,BBB
BBB,CCC,BBA,BBB,BBB,BAB,BCA,BBB
BBB,CCC,BAA,BBB,BBB,ABA,CAA,BBB
BBB,CCC,AAA,BBB,BBB,BAA,AAC,BBB
BBC,CCC,AAB,BBB,BBC,AAA,ACB,BBB
BCB,CCC,ABB,BBB,BCB,AAA,CBC,BBB
CBB,CCC,BBB,BBB,CBB,AAA,BCC,BBB
BBB,CCC,BBB,BBB,BBB,AAA,CCB,BBB
BBB,CCC,BBB,BBB,BBB,AAA,CBB,BBB
BBC,CCC,BBB,BBB,BBC,AAC,BBB,BBB
BCC,CCC,BBB,BBB,BCC,ACB,BBB,BBB
CCB,CCC,BBA,BBA,CCC,CBB,BBB,BBB
CBB,CCC,BAA,BAA,CCB,BBB,BBA,BBC
BBB,CCC,AAB,AAA,CBC,BBB,BAB,BCB
BBC,CCC,ABB,AAB,BCC,BBC,ABC,CBA
BCB,CCC,BBB,ABB,CCC,BCB,BCB,BAA
CBB,CCC,BBB,BBC,CCC,CBB,CBB,AAB
BBB,CCC,BBB,BCC,CCC,BBC,BBA,ABB
BBB,CCC,BBB,CCB,CCC,BCC,BAB,BBB
BBB,CCC,BBC,CBA,CCB,CCB,ABC,BBB
BBB,CCC,BCC,BAA,CBB,CBA,BCC,BBC
BBA,CCC,CCC,AAB,BBB,BAA,CCC,BCC
BAB,CCC,CCC,ABB,BBB,AAB,CCA,CCC
ABB,CCC,CCC,BBA,BBA,ABB,CAB,CCB
BBC,CCC,CCC,BAA,BAB,BBB,ABC,CBC
BCC,CCC,CCB,AAA,ABA,BBA,BCC,BCC
CCC,CCC,CBB,AAA,BAA,BAB,CCA,CCB
CCC,CCC,BBB,AAA,AAA,ABA,CAB,CBC
CCC,CCC,BBB,AAB,AAA,BAA,ABC,BCC
CCB,CCC,BBA,ABB,AAA,AAA,BCB,CCC
CBC,CCC,BAA,BBB,AAB,AAA,CBB,CCC
BCC,CCC,AAA,BBB,ABB,AAB,BBA,CCC
CCB,CCC,AAB,BBB,BBB,ABB,BAB,CCC
CBC,CCC,ABB,BBC,BBA,BBB,ABA,CCB
BCC,CCC,BBA,BCC,BAB,BBC,BAB,CBC
CCB,CCC,BAB,CCC,ABB,BCB,ABB,BCB
CBB,CCC,ABA,CCC,BBB,CBB,BBB,CBB
BBA,CCC,BAA,CCB,BBB,BBB,BBB,BBB
BAA,CCC,AAA,CBA,BBC,BBB,BBB,BBA
AAB,CCC,AAB,BAA,BCB,BBC,BBB,BAA
ABA,CCC,ABB,AAA,CBB,BCC,BBA,AAB
BAA,CCC,BBA,AAB,BBB,CCC,BAB,ABB
AAB,CCC,BAB,ABB,BBC,CCC,ABA,BBB
ABA,CCC,ABB,BBB,BCC,CCB,BAA,BBA
BAA,CCC,BBB,BBC,CCB,CBB,AAB,BAB
AAB,CCC,BBB,BCC,CBA,BBA,ABA,ABB
ABC,CCC,BBC,CCB,BAA,BAB,BAA,BBA
BCC,CCC,BCC,CBB,AAA,ABA,AAB,BAA
CCB,CCC,CCC,BBC,AAC,BAA,ABB,AAA
CBB,CCC,CCC,BCC,ACB,AAB,BBC,AAA
BBC,CCC,CCC,CCC,CBB,ABB,BCC,AAB
BCC,CCC,CCC,CCB,BBB,BBB,CCC,ABB
CCC,CCC,CCC,CBA,BBB,BBB,CCC,BBB
CCC,CCC,CCB,BAB,BBB,BBC,CCB,BBB
CCB,CCC,CBB,ABB,BBC,BCC,CBB,BBC
CBA,CCC,BBB,BBC,BCC,CCC,BBB,BCC
BAA,CCC,BBB,BCC,CCC,CCC,BBB,CCB
AAA,CCC,BBC,CCB,CCC,CCC,BBB,CBA
AAA,CCC,BCC,CBB,CCB,CCB,BBB,BAA
AAA,CCC,CCB,BBB,CBB,CBB,BBA,AAA
AAA,CCC,CBC,BBC,BBC,BBB,BAB,AAA
AAA,CCC,BCC,BCC,BCB,BBB,ABB,AAB
AAA,CCC,CCB,CCC,CBC,BBC,BBB,ABB
AAB,CCC,CBB,CCC,BCC,BCB,BBB,BBB
ABA,CCC,BBB,CCB,CCC,CBB,BBB,BBB
BAA,CCC,BBB,CBB,CCB,BBB,BBB,BBB
AAB,CCC,BBB,BBB,CBC,BBA,BBB,BBB
ABA,CCC,BBB,BBA,BCB,BAA,BBC,BBB
BAB,CCC,BBB,BAB,CBB,AAA,BCC,BBC
ABB,CCC,BBB,ABA,BBB,AAA,CCC,BCC
BBC,CCC,BBA,BAB,BBB,AAA,CCA,CCA
BCC,CCC,BAA,ABA,BBA,AAA,CAA,CAA
CCB,CCC,AAA,BAA,BAA,AAA,AAA,AAA
CBA,CCC,AAA,AAA,AAA,AAA,AAA,AAA
BAA,CCC,AAA,AAA,AAA,AAA,AAA,AAA
AAA,CCC,AAA,AAA,AAA,AAA,AAA,AAA
AAA,CCC,AAA,AAA,AAA,AAA,AAA,AAA
AAA,CCC,AAA,AAA,AAA,AAA,AAA,AAA
AAA,CCC,AAA,AAA,AAA,AAA,AAA,AAA
AAA,CCC,AAA,AAA,AAA,AAA,AAA,AAA
AAA,CCC,AAA,AAA,AAA,AAB,AAA,AAA
AAB,CCC,AAA,AAA,AAA,ABB,AAA,AAA
ABB,CCC,AAB,AAB,AAB,BBB,AAB,AAB
BBB,CCC,ABB,ABB,ABB,BBB,ABB,ABB
BBB,CCC,BBB,BBB,BBB,BBC,BBC,BBB
BBC,CCC,BBC,BBC,BBC,BCC,BCC,BBC
BCC,CCC,BCC,BCC,BCC,CCC,CCC,BCC
CCC,CCC,CCC,CCC,CCC,CCC,CCC,CCC
CCC,CCC,CCC,CCC,CCC,CCC,CCC,CCC
CCC,CCC,CCC,CCC,CCC,CCC,CCC,CCC
CCC,CCC,CCC,CCC,CCC,CCC,CCC,CCC
CCC,CCC,CCC,CCC,CCC,CCC,CCB,CCC
CCC,CCC,CCC,CCC,CCC,CCC,CBC,CCC
CCC,CCC,CCC,CCC,CCC,CCC,BCC,CCC
CCC,CCC,CCC,CCC,CCC,CCC,CCC,CCC
CCC,CCC,CCC,CCC,CCC,CCC,CCB,CCC
CCB,CCC,CCC,CCC,CCC,CCC,CBC,CCC
CBC,CCC,CCC,CCC,CCC,CCC,BCB,CCC
BCC,CCC,CCC,CCC,CCC,CCC,CBB,CCC
CCC,CCC,CCC,CCC,CCC,CCC,BBB,CCC
CCC,CCC,CCC,CCC,CCC,CCC,BBB,CCC
CCC,CCC,CCC,CCC,CCC,CCC,BBC,CCC
CCC,CCC,CCC,CCC,CCC,CCC,BCB,CCC
CCC,CCC,CCC,CCC,CCB,CCC,CBB,CCC
CCC,CCC,CCC,CCC,CBC,CCC,BBB,CCC
CCB,CCC,CCC,CCC,BCC,CCC,BBB,CCC
CBB,CCC,CCC,CCC,CCC,CCC,BBB,CCC
BBC,CCC,CCC,CCC,CCC,CCC,BBB,CCC
BCC,CCC,CCC,CCC,CCB,CCC,BBB,CCC
CCC,CCC,CCC,CCC,CBB,CCC,BBC,CCC
CCC,CCC,CCB,CCC,BBB,CCC,BCB,CCB
CCB,CCC,CBB,CCC,BBB,CCB,CBB,CBB
CBB,CCC,BBB,CCC,BBB,CBB,BBB,BBB
BBC,CCC,BBB,CCC,BBC,BBB,BBB,BBC
BCC,CCC,BBB,CCC,BCB,BBC,BBC,BCB
CCB,CCC,BBB,CCB,CBC,BCC,BCB,CBC
CBC,CCC,BBB,CBB,BCB,CCB,CBB,BCC
BCC,CCC,BBB,BBB,CBB,CBB,BBB,CCC
CCC,CCC,BBB,BBC,BBC,BBB,BBB,CCB
CCC,CCC,BBA,BCC,BCC,BBB,BBB,CBB
CCB,CCC,BAA,CCB,CCC,BBB,BBB,BBB
CBB,CCC,AAB,CBB,CCB,BBC,BBB,BBB
BBB,CCC,ABA,BBB,CBC,BCC,BBC,BBC
BBA,CCC,BAA,BBC,BCC,CCA,BCB,BCB
BAC,CCC,AAA,BCC,CCC,CAA,CBC,CBC
ACC,CCC,AAA,CCC,CCC,AAB,BCB,BCC
CCC,CCC,AAA,CCC,CCC,ABB,CBA,CCC
CCB,CCC,AAA,CCC,CCC,BBC,BAA,CCC
CBB,CCC,AAA,CCC,CCC,BCC,AAA,CCC
BBA,CCC,AAA,CCC,CCC,CCC,AAA,CCC
BAA,CCC,AAA,CCC,CCC,CCC,AAA,CCC
AAA,CCC,AAA,CCC,CCC,CCC,AAA,CCC
AAB,CCC,AAA,CCC,CCC,CCC,AAA,CCC
ABA,CCC,AAA,CCC,CCC,CCC,AAA,CCC
BAA,CCC,AAA,CCC,CCC,CCC,AAA,CCC
AAA,CCC,AAA,CCC,CCC,CCC,AAA,CCC
AAA,CCC,AAA,CCC,CCC,CCC,AAA,CCC
AAA,CCC,AAA,CCB,CCB,CCC,AAA,CCB
AAA,CCC,AAB,CBB,CBB,CCB,AAA,CBB
AAA,CCC,ABB,BBA,BBA,CBB,AAB,BBA
AAB,CCC,BBC,BAA,BAA,BBB,ABC,BAA
ABB,CCC,BCC,AAA,AAA,BBA,BCC,AAA
BBB,CCC,CCC,AAA,AAA,BAA,CCC,AAA
BBB,CCC,CCC,AAA,AAA,AAA,CCC,AAA
BBC,CCC,CCC,AAA,AAA,AAA,CCC,AAA
BCC,CCC,CCC,AAA,AAA,AAA,CCC,AAA
CCC,CCC,CCC,AAA,AAA,AAA,CCC,AAA
CCC,CCC,CCC,AAA,AAA,AAA,CCC,AAA
CCC,CCC,CCC,AAA,AAA,AAA,CCC,AAA
CCC,CCC,CCC,AAA,AAA,AAA,CCC,AAA
CCC,CCC,CCC,AAA,AAA,AAA,CCC,AAA
CCC,CCC,CCC,AAA,AAA,AAA,CCC,AAA
CCB,CCC,CCC,AAA,AAA,AAA,CCC,AAA
CBC,CCC,CCC,AAA,AAA,AAA,CCC,AAA
BCC,CCC,CCC,AAA,AAA,AAA,CCC,AAA
CCC,CCC,CCC,AAA,AAA,AAA,CCC,AAA
CCC,CCC,CCC,AAA,AAA,AAA,CCC,AAA
CCB,CCC,CCC,AAA,AAA,AAA,CCB,AAA
CBB,CCC,CCC,AAA,AAA,AAA,CBB,AAA
BBB,CCC,CCC,AAA,AAA,AAA,BBB,AAA
BBB,CCC,CCC,AAA,AAA,AAA,BBB,AAA
BBC,CCC,CCC,AAA,AAA,AAA,BBB,AAA
BCC,CCC,CCC,AAA,AAA,AAA,BBB,AAA
CCB,CCC,CCC,AAA,AAA,AAA,BBB,AAA
CBB,CCC,CCC,AAB,AAA,AAA,BBB,AAA
BBC,CCC,CCC,ABB,AAA,AAA,BBB,AAA
BCC,CCC,CCC,BBA,AAA,AAA,BBC,AAA
CCC,CCC,CCB,BAB,AAA,AAA,BCB,AAA
CCC,CCC,CBC,ABA,AAB,AAA,CBB,AAA
CCB,CCC,BCB,BAA,ABB,AAB,BBA,AAA
CBB,CCC,CBB,AAB,BBB,ABB,BAB,AAB
BBB,CCC,BBB,ABB,BBB,BBB,ABB,ABA
BBB,CCC,BBC,BBB,BBC,BBC,BBB,BAA
BBA,CCC,BCC,BBB,BCC,BCB,BBB,AAB
BAB,CCC,CCC,BBB,CCA,CBB,BBB,ABA
ABC,CCC,CCC,BBA,CAA,BBA,BBC,BAA
BCA,CCC,CCA,BAA,AAA,BAA,BCA,AAA
CAA,CCC,CAA,AAA,AAA,AAA,CAA,AAA
AAA,CCC,AAA,AAA,AAA,AAA,AAB,AAA
AAA,CCC,AAA,AAA,AAA,AAA,ABA,AAA
AAA,CCC,AAA,AAA,AAA,AAA,BAA,AAA
AAA,CCC,AAA,AAA,AAA,AAA,AAA,AAA
AAA,CCC,AAA,AAA,AAA,AAA,AAA,AAA
AAA,CCC,AAA,AAA,AAA,AAA,AAA,AAA
AAA,CCC,AAA,AAA,AAA,AAA,AAA,AAA
AAA,CCC,AAA,AAA,AAA,AAA,AAA,AAA
AAA,CCC,AAA,AAA,AAA,AAA,AAA,AAA
AAA,CCC,AAA,AAB,AAA,AAA,AAA,AAA
AAA,CCC,AAA,ABB,AAA,AAB,AAB,AAA
AAB,CCC,AAB,BBB,AAB,ABB,ABB,AAB
ABB,CCC,ABB,BBC,ABB,BBB,BBB,ABB
BBB,CCC,BBB,BCC,BBB,BBC,BBC,BBB
BBC,CCC,BBB,CCC,BBC,BCC,BCC,BBC
BCC,CCC,BBC,CCC,BCC,CCC,CCC,BCC
CCC,CCC,BCC,CCC,CCC,CCC,CCC,CCC
CCC,CCC,CCC,CCC,CCC,CCC,CCC,CCC
CCC,CCC,CCC,CCC,CCC,CCC,CCC,CCC
CCC,CCC,CCC,CCC,CCC,CCC,CCC,CCC
CCC,CCC,CCC,CCC,CCC,CCC,CCC,CCC
CCC,CCC,CCC,CCC,CCC,CCC,CCC,CCC
CCC,CCC,CCC,CCC,CCC,CCC,CCC,CCC
CCC,CCC,CCC,CCC,CCC,CCC,CCC,CCC
CCC,CCC,CCC,CCC,CCC,CCC,CCC,CCC
CCC,CCC,CCC,CCC,CCC,CCC,CCC,CCC
CCC,CCC,CCC,CCC,CCC,CCC,CCC,CCC
CCC,CCC,CCC,CCC,CCC,CCC,CCC,CCC
CCC,CCC,CCC,CCC,CCC,CCC,CCC,CCC
CCC,CCC,CCC,CCC,CCC,CCC,CCC,CCC
CCC,CCC,CCC,CCC,CCC,CCC,CCC,CCC
CCC,CCC,CCC,CCC,CCC,CCC,CCC,CCC
CCC,CCC,CCC,CCC,CCC,CCC,CCB,CCC
CCB,CCC,CCB,CCC,CCC,CCC,CBC,CCC
CBC,CCC,CBC,CCC,CCC,CCC,BCC,CCC
BCC,CCC,BCC,CCC,CCC,CCC,CCC,CCC
CCC,CCC,CCC,CCC,CCC,CCC,CCC,CCC
CCC,CCC,CCB,CCB,CCC,CCC,CCB,CCC
CCC,CCC,CBB,CBC,CCC,CCC,CBB,CCC
CCB,CCC,BBB,BCB,CCC,CCC,BBB,CCC
CBB,CCC,BBB,CBB,CCC,CCC,BBB,CCC
BBB,CCC,BBA,BBC,CCC,CCC,BBB,CCC
BBA,CCC,BAA,BCA,CCB,CCC,BBC,CCB
BAA,CCC,AAB,CAC,CBB,CCC,BCC,CBB
AAB,CCC,ABB,ACC,BBC,CCC,CCC,BBB
ABB,CCC,BBB,CCC,BCC,CCC,CCC,BBC
BBB,CCC,BBC,CCC,CCC,CCC,CCC,BCC
BBB,CCC,BCB,CCB,CCC,CCC,CCB,CCB
BBB,CCC,CBC,CBB,CCC,CCA,CBC,CBC
BBA,CCC,BCA,BBA,CCB,CAA,BCC,BCA
BAA,CCC,CAA,BAA,CBA,AAA,CCA,CAA
AAA,CCC,AAB,AAB,BAB,AAA,CAB,AAA
AAA,CCC,ABC,ABB,ABB,AAA,ABA,AAB
AAA,CCC,BCA,BBC,BBB,AAA,BAB,ABB
AAA,CCC,CAA,BCC,BBB,AAA,ABA,BBB
AAA,CCC,AAA,CCC,BBC,AAB,BAB,BBC
AAA,CCC,AAA,CCC,BCC,ABB,ABB,BCC
AAA,CCC,AAA,CCC,CCC,BBB,BBA,CCC
AAA,CCC,AAA,CCC,CCC,BBC,BAA,CCC
AAA,CCC,AAA,CCC,CCC,BCC,AAA,CCC
AAA,CCC,AAA,CCC,CCC,CCC,AAA,CCC
AAA,CCC,AAA,CCC,CCC,CCC,AAB,CCC
AAB,CCC,AAA,CCC,CCC,CCC,ABB,CCC
ABB,CCC,AAA,CCB,CCB,CCC,BBB,CCB
BBB,CCC,AAA,CBB,CBB,CCC,BBB,CBB
BBC,CCC,AAB,BBB,BBC,CCC,BBB,BBB
BCC,CCC,ABB,BBA,BCC,CCC,BBC,BBA
CCC,CCC,BBB,BAA,CCB,CCB,BCB,BAA
CCC,CCC,BBC,AAA,CBB,CBB,CBB,AAA
CCC,CCC,BCC,AAA,BBB,BBB,BBC,AAA
CCC,CCC,CCC,AAB,BBA,BBB,BCC,AAB
CCC,CCC,CCC,ABA,BAA,BBB,CCB,ABA
CCC,CCC,CCC,BAA,AAA,BBA,CBC,BAB
CCC,CCC,CCC,AAA,AAA,BAA,BCC,ABA
CCC,CCC,CCC,AAB,AAA,AAA,CCC,BAB
CCC,CCC,CCC,ABA,AAA,AAA,CCB,ABA
CCC,CCC,CCC,BAA,AAA,AAA,CBC,BAB
CCC,CCC,CCC,AAA,AAA,AAA,BCC,ABA
CCC,CCC,CCC,AAA,AAA,AAA,CCC,BAA
CCC,CCC,CCC,AAA,AAA,AAB,CCC,AAA
CCC,CCC,CCC,AAA,AAA,ABB,CCB,AAA
CCC,CCC,CCC,AAB,AAA,BBB,CBB,AAA
CCC,CCC,CCC,ABB,AAA,BBA,BBC,AAA
CCC,CCC,CCC,BBB,AAA,BAB,BCC,AAA
CCC,CCC,CCC,BBA,AAA,ABA,CCC,AAA
CCC,CCC,CCC,BAA,AAB,BAB,CCC,AAA
CCC,CCC,CCC,AAA,ABB,ABA,CCC,AAB
CCC,CCC,CCC,AAA,BBA,BAA,CCC,ABB
CCC,CCC,CCC,AAA,BAB,AAA,CCC,BBB
CCB,CCC,CCC,AAA,ABB,AAA,CCC,BBB
CBB,CCC,CCB,AAA,BBB,AAA,CCB,BBC
BBB,CCC,CBB,AAA,BBC,AAA,CBB,BCB
BBB,CCC,BBB,AAB,BCC,AAA,BBB,CBB
BBB,CCC,BBC,ABB,CCB,AAA,BBB,BBB
BBB,CCC,BCC,BBB,CBB,AAA,BBA,BBA
BBC,CCC,CCB,BBB,BBB,AAA,BAA,BAC
BCC,CCC,CBC,BBB,BBB,AAA,AAB,ACB
CCC,CCC,BCC,BBB,BBA,AAA,ABB,CBC
CCB,CCC,CCC,BBB,BAA,AAB,BBB,BCB
CBC,CCC,CCB,BBC,AAB,ABB,BBB,CBC
BCB,CCC,CBB,BCC,ABB,BBB,BBA,BCC
CBC,CCC,BBB,CCC,BBC,BBB,BAA,CCC
BCB,CCC,BBA,CCC,BCB,BBC,AAA,CCC
CBA,CCC,BAA,CCB,CBB,BCC,AAB,CCC
BAA,CCC,AAA,CBC,BBB,CCC,ABB,CCC
AAA,CCC,AAA,BCC,BBB,CCC,BBA,CCC
AAB,CCC,AAB,CCC,BBB,CCC,BAB,CCB
ABB,CCC,ABB,CCC,BBA,CCC,ABB,CBB
BBB,CCC,BBB,CCC,BAA,CCB,BBC,BBB
BBA,CCC,BBC,CCA,AAA,CBA,BCA,BBA
BAB,CCC,BCB,CAC,AAA,BAB,CAB,BAB
ABB,CCC,CBB,ACB,AAB,ABB,ABB,ABB
BBB,CCC,BBB,CBB,ABB,BBB,BBB,BBA
BBA,CCC,BBC,BBC,BBB,BBB,BBB,BAA
BAB,CCC,BCC,BCB,BBB,BBB,BBB,AAB
ABA,CCC,CCB,CBB,BBA,BBB,BBB,ABB
BAA,CCC,CBA,BBA,BAA,BBA,BBB,BBA
AAA,CCC,BAA,BAA,AAA,BAA,BBA,BAA
AAA,CCC,AAA,AAA,AAA,AAA,BAC,AAA
AAB,CCC,AAA,AAA,AAA,AAA,ACC,AAA
ABC,CCC,AAA,AAA,AAA,AAA,CCC,AAC
BCC,CCC,AAA,AAA,AAA,AAA,CCC,ACC
CCC,CCC,AAA,AAA,AAA,AAA,CCC,CCC
CCB,CCC,AAA,AAA,AAA,AAA,CCB,CCC
CBB,CCC,AAA,AAA,AAA,AAA,CBB,CCC
BBB,CCC,AAA,AAA,AAA,AAA,BBB,CCC
BBB,CCC,AAA,AAA,AAA,AAA,BBB,CCC
BBC,CCC,AAA,AAA,AAA,AAA,BBB,CCC
BCC,CCC,AAA,AAB,AAA,AAA,BBB,CCC
CCB,CCC,AAA,ABB,AAA,AAB,BBA,CCC
CBA,CCC,AAA,BBB,AAA,ABB,BAA,CCC
BAA,CCC,AAB,BBB,AAB,BBB,AAA,CCC
AAA,CCC,ABB,BBB,ABB,BBB,AAA,CCB
AAA,CCC,BBB,BBC,BBB,BBC,AAA,CBB
AAA,CCC,BBB,BCC,BBC,BCC,AAA,BBA
AAA,CCC,BBC,CCC,BCC,CCC,AAB,BAA
AAB,CCC,BCC,CCC,CCC,CCC,ABB,AAA
ABB,CCC,CCC,CCC,CCC,CCC,BBB,AAA
BBB,CCC,CCC,CCC,CCC,CCC,BBB,AAA
BBB,CCC,CCC,CCC,CCC,CCC,BBB,AAA
BBB,CCC,CCC,CCC,CCC,CCC,BBB,AAA
BBC,CCC,CCC,CCC,CCC,CCC,BBC,AAA
BCC,CCC,CCC,CCC,CCC,CCC,BCC,AAA
CCC,CCC,CCC,CCC,CCC,CCC,CCC,AAA
CCC,CCC,CCC,CCC,CCC,CCC,CCC,AAA
CCC,CCC,CCC,CCC,CCC,CCC,CCB,AAA
CCC,CCC,CCC,CCC,CCC,CCC,CBC,AAB
CCB,CCC,CCC,CCC,CCC,CCC,BCB,ABB
CBB,CCC,CCC,CCC,CCC,CCC,CBB,BBA
BBC,CCC,CCC,CCC,CCC,CCC,BBC,BAA
BCC,CCC,CCC,CCC,CCC,CCC,BCC,AAA
CCC,CCC,CCC,CCC,CCC,CCC,CCB,AAA
CCC,CCC,CCC,CCC,CCC,CCC,CBB,AAA
CCC,CCC,CCC,CCC,CCC,CCC,BBB,AAA
CCB,CCC,CCC,CCC,CCC,CCC,BBC,AAA
CBB,CCC,CCC,CCC,CCC,CCC,BCC,AAA
BBC,CCC,CCC,CCC,CCC,CCC,CCC,AAA
BCB,CCC,CCC,CCC,CCC,CCC,CCC,AAA
CBB,CCC,CCC,CCC,CCC,CCC,CCC,AAA
BBB,CCC,CCC,CCB,CCC,CCC,CCC,AAA
BBC,CCC,CCC,CBB,CCC,CCC,CCC,AAA
BCC,CCC,CCB,BBC,CCC,CCC,CCC,AAA
CCB,CCC,CBC,BCC,CCC,CCC,CCC,AAA
CBB,CCC,BCB,CCB,CCC,CCC,CCB,AAA
BBB,CCC,CBB,CBC,CCC,CCC,CBB,AAB
BBB,CCC,BBA,BCB,CCC,CCC,BBB,ABB
BBA,CCC,BAB,CBC,CCC,CCC,BBA,BBB
BAA,CCC,ABB,BCB,CCC,CCC,BAA,BBC
AAA,CCC,BBA,CBB,CCC,CCC,AAA,BCC
AAB,CCC,BAA,BBB,CCC,CCC,AAC,CCC
ABB,CCC,AAA,BBA,CCC,CCC,ACC,CCB
BBB,CCC,AAB,BAA,CCC,CCB,CCB,CBB
BBC,CCC,ABB,AAB,CCC,CBC,CBB,BBB
BCC,CCC,BBA,ABB,CCB,BCC,BBB,BBB
CCC,CCC,BAB,BBB,CBB,CCB,BBB,BBB
CCC,CCC,ABC,BBB,BBB,CBC,BBB,BBC
CCB,CCC,BCC,BBC,BBB,BCC,BBB,BCC
CBC,CCC,CCC,BCB,BBB,CCC,BBB,CCB
BCB,CCC,CCB,CBB,BBB,CCB,BBB,CBA
CBB,CCC,CBB,BBA,BBC,CBB,BBB,BAB
BBA,CCC,BBC,BAA,BCB,BBC,BBB,ABB
BAA,CCC,BCC,AAB,CBC,BCB,BBB,BBC
AAB,CCC,CCC,ABB,BCB,CBA,BBC,BCC
ABC,CCC,CCC,BBA,CBA,BAA,BCC,CCA
BCC,CCC,CCC,BAA,BAA,AAA,CCC,CAA
CCC,CCC,CCC,AAA,AAA,AAA,CCC,AAA
CCC,CCC,CCC,AAA,AAA,AAA,CCC,AAA
CCC,CCC,CCC,AAA,AAA,AAA,CCC,AAA
CCC,CCC,CCC,AAA,AAA,AAA,CCC,AAA
CCC,CCC,CCC,AAA,AAA,AAA,CCC,AAA
CCC,CCC,CCC,AAA,AAA,AAA,CCC,AAA
CCC,CCB,CCC,AAA,AAA,AAA,CCC,AAA
CCC,CBC,CCC,AAA,AAA,AAA,CCC,AAA
CCC,BCC,CCC,AAA,AAA,AAA,CCC,AAA
CCC,CCC,CCC,AAA,AAA,AAA,CCC,AAA
CCC,CCC,CCC,AAA,AAA,AAA,CCC,AAA
CCC,CCC,CCC,AAA,AAA,AAA,CCC,AAA
CCB,CCC,CCB,AAB,AAA,AAB,CCB,AAB
CBB,CCC,CBB,ABB,AAA,ABB,CBB,ABB
BBB,CCC,BBB,BBB,AAB,BBB,BBB,BBB
BBB,CCC,BBB,BBB,ABB,BBB,BBB,BBB
BBA,CCC,BBA,BBC,BBB,BBC,BBA,BBC
BAA,CCC,BAA,BCC,BBC,BCC,BAA,BCC
AAA,CCC,AAA,CCC,BCC,CCC,AAA,CCC
AAA,CCC,AAA,CCC,CCC,CCC,AAA,CCC
AAA,CCC,AAA,CCC,CCC,CCC,AAA,CCC
AAA,CCC,AAA,CCC,CCC,CCC,AAA,CCC
AAA,CCC,AAA,CCC,CCC,CCC,AAA,CCC
AAA,CCC,AAA,CCC,CCC,CCC,AAA,CCC
AAA,CCC,AAA,CCC,CCC,CCC,AAA,CCC
AAA,CCC,AAA,CCC,CCC,CCC,AAA,CCC
AAA,CCC,AAA,CCC,CCC,CCC,AAA,CCC
AAA,CCC,AAA,CCC,CCC,CCC,AAA,CCC
AAA,CCC,AAA,CCC,CCC,CCC,AAA,CCC
AAA,CCC,AAA,CCC,CCC,CCC,AAA,CCC
AAA,CCC,AAA,CCC,CCC,CCC,AAA,CCC
AAA,CCC,AAA,CCC,CCC,CCC,AAA,CCC
AAA,CCC,AAA,CCC,CCC,CCC,AAA,CCC
AAA,CCC,AAA,CCC,CCC,CCC,AAA,CCC
AAA,CCC,AAA,CCC,CCC,CCC,AAA,CCC
AAA,CCC,AAA,CCC,CCC,CCC,AAA,CCC
AAA,CCC,AAA,CCC,CCC,CCC,AAA,CCC
AAA,CCC,AAA,CCC,CCC,CCC,AAA,CCC
AAA,CCC,AAA,CCC,CCC,CCC,AAA,CCC
AAA,CCC,AAA,CCC,CCC,CCC,AAA,CCC
AAA,CCC,AAA,CCC,CCC,CCC,AAA,CCC
AAA,CCC,AAA,CCC,CCC,CCC,AAA,CCC
AAA,CCC,AAA,CCC,CCC,CCC,AAA,CCC
AAA,CCC,AAA,CCC,CCC,CCC,AAA,CCC
AAA,CCC,AAA,CCC,CCC,CCC,AAA,CCC
AAA,CCC,AAA,CCC,CCC,CCC,AAA,CCC
AAA,CCC,AAA,CCC,CCC,CCC,AAA,CCC
AAA,CCC,AAA,CCC,CCC,CCC,AAA,CCC
AAA,CCC,AAA,CCC,CCC,CCC,AAA,CCC
AAA,CCC,AAA,CCC,CCC,CCC,AAA,CCC
AAA,CCC,AAA,CCC,CCC,CCC,AAA,CCB
AAA,CCC,AAA,CCB,CCC,CCC,AAA,CBB
AAA,CCC,AAA,CBC,CCC,CCC,AAA,BBC
AAA,CCC,AAA,BCC,CCC,CCC,AAA,BCC
AAA,CCC,AAA,CCB,CCC,CCC,AAA,CCB
AAA,CCC,AAA,CBB,CCC,CCC,AAA,CBC
AAA,CCC,AAA,BBB,CCC,CCC,AAA,BCB
AAA,CCC,AAA,BBB,CCC,CCC,AAA,CBB
AAB,CCC,AAB,BBB,CCC,CCC,AAA,BBB
ABA,CCC,ABB,BBA,CCB,CCC,AAA,BBB
BAB,CCC,BBB,BAB,CBB,CCB,AAA,BBC
ABA,CCC,BBB,ABB,BBB,CBB,AAB,BCC
BAA,CCC,BBC,BBB,BBA,BBB,ABB,CCC
AAA,CCC,BCC,BBB,BAB,BBB,BBB,CCB
AAA,CCC,CCB,BBB,ABB,BBB,BBB,CBB
AAA,CCC,CBB,BBB,BBB,BBB,BBB,BBC
AAA,CCC,BBB,BBC,BBC,BBA,BBB,BCB
AAB,CCC,BBB,BCA,BCC,BAB,BBB,CBC
ABC,CCC,BBC,CAC,CCC,ABA,BBC,BCC
BCC,CCC,BCC,ACA,CCA,BAA,BCC,CCA
CCC,CCC,CCC,CAA,CAA,AAA,CCC,CAA
CCC,CCC,CCC,AAA,AAA,AAA,CCC,AAA
CCC,CCC,CCC,AAA,AAA,AAA,CCC,AAA
CCC,CCB,CCC,AAA,AAA,AAA,CCC,AAA
CCC,CBB,CCC,AAA,AAA,AAA,CCC,AAA
CCC,BBB,CCC,AAA,AAA,AAA,CCC,AAA
CCC,BBB,CCC,AAA,AAA,AAA,CCC,AAA
CCC,BBB,CCC,AAA,AAA,AAA,CCC,AAA
CCC,BBA,CCC,AAA,AAA,AAA,CCC,AAA
CCC,BAA,CCC,AAA,AAA,AAA,CCC,AAA
CCC,AAB,CCC,AAA,AAA,AAA,CCC,AAA
CCC,ABB,CCC,AAA,AAA,AAA,CCC,AAA
CCC,BBC,CCB,AAA,AAA,AAA,CCC,AAA
CCB,BCC,CBB,AAB,AAA,AAB,CCB,AAB
CBB,CCC,BBB,ABB,AAB,ABB,CBB,ABB
BBB,CCC,BBA,BBB,ABB,BBB,BBB,BBB
BBB,CCC,BAA,BBC,BBB,BBC,BBA,BBC
BBA,CCC,AAA,BCC,BBC,BCC,BAA,BCC
BAA,CCC,AAA,CCC,BCC,CCC,AAA,CCC
AAA,CCC,AAA,CCC,CCC,CCC,AAA,CCC
AAA,CCC,AAA,CCC,CCC,CCC,AAA,CCC
AAA,CCC,AAA,CCC,CCC,CCC,AAA,CCC
AAA,CCC,AAA,CCC,CCC,CCC,AAA,CCC
AAA,CCC,AAA,CCC,CCC,CCC,AAA,CCC
AAA,CCC,AAA,CCC,CCC,CCC,AAA,CCC
AAA,CCC,AAA,CCC,CCC,CCC,AAA,CCC
AAA,CCC,AAA,CCC,CCC,CCC,AAA,CCC
AAA,CCC,AAA,CCC,CCC,CCC,AAA,CCC
AAA,CCC,AAA,CCC,CCC,CCC,AAA,CCC
AAA,CCC,AAA,CCC,CCC,CCC,AAA,CCC
AAA,CCC,AAA,CCC,CCC,CCC,AAA,CCC
AAA,CCC,AAA,CCC,CCC,CCC,AAA,CCC
AAA,CCC,AAA,CCC,CCC,CCC,AAA,CCC
AAA,CCC,AAA,CCC,CCC,CCC,AAA,CCC
AAA,CCC,AAA,CCC,CCC,CCC,AAA,CCC
AAA,CCC,AAA,CCC,CCC,CCC,AAA,CCC
AAA,CCC,AAA,CCC,CCC,CCC,AAA,CCC
AAA,CCC,AAA,CCC,CCC,CCC,AAB,CCC
AAA,CCC,AAA,CCC,CCC,CCC,ABA,CCC
AAA,CCC,AAA,CCC,CCC,CCC,BAA,CCC
AAA,CCC,AAA,CCC,CCC,CCC,AAA,CCC
AAA,CCC,AAA,CCC,CCC,CCC,AAA,CCC
AAA,CCC,AAA,CCC,CCC,CCC,AAA,CCC
AAA,CCC,AAA,CCB,CCC,CCB,AAA,CCC
AAA,CCC,AAA,CBC,CCC,CBC,AAA,CCC
AAA,CCC,AAA,BCC,CCC,BCC,AAA,CCC
AAA,CCC,AAA,CCC,CCC,CCC,AAB,CCC
AAA,CCC,AAA,CCC,CCC,CCC,ABB,CCC
AAA,CCC,AAA,CCC,CCC,CCC,BBA,CCC
AAA,CCC,AAA,CCC,CCC,CCC,BAA,CCC
AAA,CCC,AAA,CCC,CCC,CCC,AAA,CCB
AAA,CCC,AAA,CCC,CCC,CCB,AAA,CBB
AAA,CCC,AAA,CCC,CCB,CBB,AAA,BBB
AAB,CCC,AAB,CCC,CBB,BBB,AAA,BBC
ABB,CCC,ABA,CCC,BBB,BBB,AAB,BCC
BBB,CCC,BAA,CCB,BBB,BBB,ABA,CCC
BBC,CCC,AAA,CBB,BBC,BBC,BAB,CCB
BCB,CCC,AAA,BBB,BCB,BCB,ABB,CBC
CBB,CCC,AAB,BBC,CBC,CBC,BBA,BCC
BBA,CCC,ABA,BCB,BCC,BCC,BAB,CCC
BAB,CCC,BAB,CBC,CCC,CCC,ABB,CCC
ABA,CCC,ABA,BCC,CCB,CCC,BBA,CCC
BAA,CCC,BAA,CCB,CBB,CCC,BAC,CCC
AAB,CCC,AAA,CBB,BBB,CCB,ACB,CCC
ABB,CCC,AAB,BBC,BBB,CBC,CBB,CCC
BBA,CCC,ABB,BCB,BBB,BCB,BBB,CCC
BAB,CCC,BBA,CBA,BBB,CBB,BBB,CCB
ABB,CCC,BAB,BAA,BBB,BBB,BBB,CBB
BBA,CCC,ABB,AAA,BBB,BBB,BBB,BBB
BAA,CCC,BBC,AAA,BBB,BBB,BBB,BBB
AAB,CCC,BCA,AAB,BBB,BBB,BBB,BBB
ABC,CCC,CAA,ABB,BBB,BBB,BBB,BBC
BCC,CCC,AAA,BBA,BBC,BBB,BBB,BCB
CCC,CCC,AAB,BAB,BCB,BBB,BBC,CBC
CCB,CCC,ABB,ABB,CBA,BBB,BCB,BCB
CBB,CCC,BBA,BBB,BAB,BBB,CBB,CBB
BBC,CCC,BAA,BBB,ABB,BBB,BBA,BBA
BCC,CCC,AAA,BBC,BBB,BBA,BAB,BAA
CCB,CCC,AAB,BCB,BBB,BAB,ABA,AAA
CBB,CCC,ABA,CBB,BBB,ABC,BAB,AAA
BBC,CCC,BAB,BBB,BBB,BCB,ABB,AAA
BCC,CCC,ABB,BBB,BBB,CBB,BBA,AAA
CCB,CCC,BBB,BBB,BBB,BBA,BAA,AAA
CBA,CCC,BBB,BBB,BBC,BAB,AAB,AAB
BAB,CCC,BBB,BBA,BCB,ABA,ABA,ABA
ABB,CCC,BBC,BAC,CBB,BAB,BAB,BAB
BBA,CCC,BCB,ACB,BBC,ABB,ABC,ABB
BAA,CCC,CBB,CBC,BCB,BBB,BCA,BBB
AAA,CCC,BBC,BCC,CBB,BBB,CAA,BBC
AAA,CCC,BCC,CCC,BBB,BBB,AAC,BCC
AAA,CCC,CCC,CCB,BBA,BBB,ACB,CCC
AAB,CCC,CCB,CBC,BAC,BBC,CBB,CCC
ABB,CCC,CBC,BCC,ACB,BCA,BBB,CCC
BBB,CCC,BCB,CCC,CBC,CAA,BBB,CCC
BBB,CCC,CBB,CCC,BCB,AAA,BBB,CCC
BBB,CCC,BBA,CCC,CBB,AAA,BBB,CCC
BBB,CCC,BAB,CCB,BBB,AAB,BBB,CCA
BBB,CCC,ABA,CBC,BBA,ABB,BBB,CAB
BBB,CCC,BAA,BCB,BAB,BBB,BBB,ABA
BBC,CCC,AAA,CBB,ABB,BBC,BBB,BAB
BCB,CCC,AAA,BBC,BBC,BCC,BBC,ABB
CBB,CCC,AAB,BCC,BCC,CCC,BCB,BBA
BBB,CCC,ABB,CCB,CCB,CCC,CBC,BAA
BBB,CCC,BBB,CBC,CBB,CCC,BCB,AAB
BBB,CCC,BBB,BCC,BBB,CCC,CBC,ABB
BBB,CCC,BBB,CCB,BBB,CCB,BCA,BBB
BBB,CCC,BBC,CBC,BBB,CBB,CAB,BBC
BBC,CCC,BCC,BCB,BBB,BBB,ABB,BCC
BCC,CCC,CCC,CBB,BBB,BBA,BBC,CCB
CCB,CCC,CCC,BBB,BBB,BAA,BCC,CBC
CBC,CCC,CCB,BBB,BBB,AAA,CCB,BCB
BCC,CCC,CBC,BBB,BBB,AAA,CBB,CBB
CCC,CCC,BCC,BBB,BBB,AAB,BBC,BBB
CCB,CCC,CCB,BBA,BBA,ABB,BCC,BBB
CBB,CCC,CBB,BAB,BAA,BBB,CCB,BBC
BBA,CCC,BBA,ABA,AAA,BBB,CBB,BCC
BAB,CCC,BAB,BAA,AAA,BBB,BBA,CCC
ABB,CCC,ABC,AAB,AAA,BBB,BAA,CCB
BBA,CCC,BCB,ABC,AAA,BBC,AAB,CBB
BAB,CCC,CBC,BCC,AAB,BCA,ABB,BBB
ABA,CCC,BCB,CCB,ABC,CAA,BBA,BBB
BAB,CCC,CBC,CBB,BCB,AAB,BAA,BBA
ABB,CCC,BCB,BBC,CBC,ABB,AAA,BAA
BBB,CCC,CBB,BCC,BCC,BBA,AAB,AAA
BBC,CCC,BBB,CCC,CCC,BAC,ABB,AAA
BCB,CCC,BBB,CCC,CCC,ACB,BBB,AAA
CBB,CCC,BBB,CCC,CCB,CBB,BBB,AAB
BBC,CCC,BBA,CCB,CBB,BBA,BBB,ABB
BCB,CCC,BAA,CBB,BBB,BAA,BBB,BBB
CBA,CCC,AAA,BBB,BBA,AAC,BBB,BBB
BAB,CCC,AAA,BBC,BAA,ACB,BBB,BBB
ABB,CCC,AAB,BCC,AAA,CBB,BBA,BBA
BBA,CCC,ABA,CCC,AAB,BBB,BAB,BAB
BAB,CCC,BAA,CCC,ABA,BBC,ABA,ABA
ABB,CCC,AAB,CCC,BAA,BCB,BAA,BAA
BBC,CCC,ABB,CCC,AAB,CBC,AAB,AAA
BCB,CCC,BBA,CCC,ABB,BCC,ABB,AAB
CBA,CCC,BAB,CCC,BBA,CCB,BBB,ABA
BAA,CCC,ABC,CCC,BAA,CBB,BBC,BAA
AAB,CCC,BCA,CCB,AAC,BBC,BCC,AAA
ABC,CCC,CAB,CBA,ACC,BCB,CCB,AAB
BCC,CCC,ABC,BAA,CCB,CBB,CBB,ABA
CCC,CCC,BCB,AAA,CBB,BBB,BBB,BAC
CCA,CCC,CBC,AAB,BBB,BBB,BBC,ACC
CAB,CCC,BCC,ABB,BBC,BBB,BCC,CCC
ABB,CCC,CCB,BBB,BCC,BBB,CCC,CCC
BBB,CCC,CBB,BBC,CCB,BBB,CCC,CCB
BBA,CCC,BBB,BCB,CBC,BBB,CCB,CBC
BAA,CCC,BBB,CBB,BCB,BBA,CBC,BCB
AAA,CCC,BBB,BBB,CBB,BAA,BCA,CBB
AAB,CCC,BBB,BBA,BBB,AAA,CAB,BBB
ABB,CCC,BBC,BAB,BBB,AAB,ABB,BBC
BBB,CCC,BCC,ABB,BBC,ABC,BBB,BCC
BBB,CCC,CCB,BBB,BCB,BCB,BBB,CCB
BBB,CCC,CBB,BBA,CBB,CBB,BBB,CBC
BBB,CCC,BBB,BAB,BBB,BBA,BBA,BCC
BBB,CCC,BBB,ABB,BBB,BAB,BAB,CCC
BBB,CCC,BBB,BBB,BBB,ABB,ABB,CCC
BBB,CCC,BBB,BBB,BBA,BBB,BBC,CCB
BBC,CCC,BBB,BBB,BAA,BBC,BCB,CBB
BCC,CCC,BBB,BBA,AAA,BCB,CBC,BBB
CCC,CCC,BBA,BAB,AAB,CBA,BCA,BBB
CCB,CCC,BAA,ABA,ABB,BAA,CAB,BBB
CBB,CCC,AAA,BAB,BBA,AAB,ABA,BBC
BBA,CCC,AAA,ABB,BAA,ABB,BAB,BCC
BAB,CCC,AAB,BBC,AAB,BBB,ABB,CCC
ABB,CCC,ABB,BCB,ABC,BBB,BBA,CCC
BBB,CCC,BBB,CBB,BCB,BBB,BAA,CCB
BBB,CCC,BBB,BBC,CBC,BBA,AAA,CBB
BBB,CCC,BBB,BCC,BCC,BAB,AAB,BBA
BBA,CCC,BBC,CCC,CCC,ABB,ABB,BAB
BAB,CCC,BCC,CCB,CCC,BBA,BBC,ABA
ABB,CCC,CCC,CBC,CCC,BAA,BCB,BAA
BBB,CCC,CCC,BCB,CCB,AAB,CBB,AAA
BBA,CCC,CCB,CBB,CBC,ABB,BBA,AAA
BAB,CCC,CBB,BBB,BCC,BBC,BAB,AAB
ABA,CCC,BBB,BBB,CCB,BCB,ABC,ABB
BAA,CCC,BBA,BBB,CBB,CBC,BCC,BBB
AAA,CCC,BAA,BBC,BBB,BCC,CCB,BBB
AAA,CCC,AAA,BCB,BBA,CCC,CBC,BBB
AAA,CCC,AAB,CBB,BAA,CCC,BCC,BBB
AAB,CCC,ABC,BBA,AAB,CCC,CCB,BBB
ABC,CCC,BCC,BAA,ABC,CCC,CBC,BBA
BCC,CCC,CCB,AAB,BCC,CCC,BCC,BAA
CCB,CCC,CBB,ABA,CCC,CCB,CCC,AAA
CBB,CCC,BBB,BAB,CCC,CBB,CCB,AAB
BBB,CCC,BBB,ABB,CCB,BBB,CBB,ABB
BBB,CCC,BBB,BBB,CBB,BBC,BBB,BBC
BBB,CCC,BBA,BBB,BBB,BCC,BBB,BCC
BBB,CCC,BAB,BBC,BBA,CCC,BBB,CCB
BBB,CCC,ABB,BCB,BAA,CCB,BBB,CBB
BBB,CCC,BBB,CBB,AAA,CBA,BBB,BBB
BBA,CCC,BBA,BBA,AAB,BAA,BBB,BBB
BAA,CCC,BAB,BAB,ABB,AAA,BBB,BBB
AAB,CCC,ABC,ABC,BBB,AAB,BBB,BBB
ABB,CCC,BCC,BCC,BBB,ABA,BBC,BBA
BBA,CCC,CCC,CCC,BBB,BAA,BCC,BAB
BAB,CCC,CCC,CCC,BBC,AAB,CCC,ABC
ABC,CCC,CCB,CCC,BCB,ABB,CCC,BCC
BCB,CCC,CBC,CCC,CBA,BBB,CCB,CCB
CBB,CCC,BCB,CCC,BAA,BBB,CBB,CBA
BBB,CCC,CBB,CCC,AAB,BBB,BBC,BAA
BBC,CCC,BBB,CCC,ABA,BBC,BCC,AAA
BCB,CCC,BBC,CCC,BAA,BCB,CCC,AAA
CBB,CCC,BCC,CCB,AAA,CBB,CCC,AAA
BBB,CCC,CCC,CBB,AAA,BBA,CCB,AAA
BBB,CCC,CCC,BBB,AAB,BAA,CBB,AAA
BBA,CCC,CCB,BBB,ABA,AAA,BBB,AAA
BAB,CCC,CBB,BBA,BAA,AAB,BBB,AAA
ABC,CCC,BBB,BAB,AAA,ABC,BBB,AAB
BCC,CCC,BBB,ABA,AAB,BCB,BBB,ABB
CCC,CCC,BBC,BAB,ABC,CBC,BBC,BBA
CCC,CCC,BCB,ABC,BCB,BCB,BCB,BAA
CCB,CCC,CBB,BCB,CBC,CBC,CBB,AAA
CBC,CCC,BBC,CBB,BCC,BCB,BBB,AAB
BCB,CCC,BCA,BBB,CCC,CBB,BBB,ABB
CBB,CCC,CAB,BBB,CCC,BBB,BBB,BBB
BBB,CCC,ABB,BBB,CCC,BBA,BBB,BBB
BBB,CCC,BBA,BBB,CCC,BAB,BBB,BBB
BBA,CCC,BAA,BBA,CCB,ABB,BBB,BBB
BAA,CCC,AAA,BAB,CBA,BBC,BBB,BBA
AAA,CCC,AAA,ABC,BAC,BCC,BBA,BAB
AAA,CCC,AAA,BCB,ACC,CCC,BAA,ABB
AAA,CCC,AAB,CBB,CCC,CCC,AAA,BBA
